project_code,title,description,Specialization,Tools,Doctor,TA,Year,Future Work,Status
cs 55,A Complete Medical Center,A mobile application designed to provide first aid assistance and improve communication between patients and caregivers. It integrates AI to assess burn severity and provide treatment recommendations.,Medical Informatics / AI,Flutter; Dart; PHP; MySQL,Dr. Mohamed Awad,Eng. Ahmed Hany,2023/2024,Add iOS support and ads,finished
cs 56,Kay of Tourist (KOT),"A tourism mobile application that helps users explore Egyptian attractions using AI recommendations, trip planning, and real-time guidance.",Tourism / AI / Mobile,Flutter; Dart; Firebase,Dr. Nora Niazy,Eng. Esraa Ibrahim,2023/2024,Add AR tours,finished
cs 57,GPMS,"A Graduation Projects Management System that facilitates submission, review, and collaboration between students and faculty.",Software Engineering,HTML; CSS; Angular; C#; SQL Server,Dr. Sherif Moharam,Eng. Noha Ayman,2023/2024,Add analytics ML,finished
cs 58,NAP,A navigation assistant app that uses GPS and machine learning to provide smart notifications and improve travel efficiency.,AI / Mobile,Machine Learning; GPS,Dr. Mohamed Awad,Eng. Esraa Ibrahim,2023/2024,Improve AI models,finished
cs 59,Blood Genius,An AI-powered application for leukemia detection using blood smear images and a chatbot for medical guidance.,Healthcare / AI,AI; Image Processing; NLP,Dr. Mohamed Abd Elfattah,Eng. Tarek Mohamed,2023/2024,Expand diseases,finished
cs 60,Scolicare Project,"A mobile application that uses artificial intelligence to detect scoliosis type and degree, helping doctors and patients improve diagnosis accuracy and treatment decisions.",Healthcare / AI,Python; Google Colab; Roboflow; PyCharm; Android Studio; Firebase,Prof. Dr. Mohamed Awad,Eng. Ahmed Hany,2023/2024,Enhance dataset and add 3D visualization,finished
cs 61,Wasla (Lost Items App),A mobile application that helps users report and find lost items using image recognition and secure communication between users.,Mobile Apps / AI,Flask; PostgreSQL; Firebase; Image Recognition,Dr. Nora Niazy,Eng. Ahmed Hany,2023/2024,Improve image recognition and expand features,finished
cs 51,Agriculture Assistant,"An AI-based system for detecting plant diseases using deep learning and sensors, providing real-time monitoring and recommendations for farmers.",AI / Smart Agriculture,Deep Learning; Sensors; Mobile App,Dr. Mohamed Awad,Eng. Ahmed Hany,2023/2024,Enhance accuracy and expand crop coverage,finished
cs 53,CNC LASER,"A project focused on designing and developing a CNC laser engraving machine capable of high-precision cutting and engraving across various materials. It integrates mechanical design, laser technology, and software control systems to ensure accuracy, efficiency, and versatility in industrial and creative applications.",Embedded Systems / Manufacturing,CNC; Arduino/Controller; Inkscape; GRBL; Mechanical Design,Dr. M. Abdelfattah,Eng. Mariam Medhat,2023/2024,Add AI-based calibration and expand materials database,finished
cs 52,Improving Learning Strategies,"A system designed to enhance educational methods by applying artificial intelligence and computer vision techniques. It analyzes student behavior, classifies learning patterns, and improves attendance tracking using face recognition and data analysis to support more effective teaching strategies.",Education / AI / Computer Vision,Python; Flask; SQL; TensorFlow; OpenCV; MediaPipe; YOLO; VS Code,Dr. Mohamed AbdElFatah,Eng. Abeer Mostafa,2023/2024,Enhance imaging systems and improve AI models for student classification,finished
cs 33,Dynamic Logistics Shipping Management (DLSM),"A platform that connects shipping companies with clients to simplify logistics and international shipping processes. It enables users to compare offers, track shipments, and receive real-time updates, improving efficiency, transparency, and decision-making in the shipping market.",Logistics / Web Systems,HTML; CSS; JavaScript; PHP; Laravel; MySQL; Android Studio,Dr. Ahmed Ibrahim,Eng. Mariam Medhat,2023/2024,Integrate IoT tracking and AI recommendations,finished
cs 35,Praecox,A machine learning-based system for early detection and classification of Alzheimer’s disease using MRI data. It focuses on extracting features from brain images and applying advanced algorithms to improve diagnosis accuracy and support early treatment decisions.,Healthcare / AI / Medical Imaging,Python; Machine Learning; MRI Data Analysis,Dr. Tamer Hassan,Eng. Norhan Hamdy,2023/2024,Enhance multimodal models and datasets,finished
cs 34,Infrastructure for Company,"A network infrastructure project designed to build a smart data center using virtualization and cloud technologies. It aims to improve resource utilization, reduce costs, and enhance system scalability and performance for enterprise environments.",Networking / Cloud / Infrastructure,Packet Tracer; GNS3; VMware; Windows Server; Windows 10,Prof. Dr. Sherif Moharam,Eng. Amira Yehia & Mina Fokeah,2023/2024,Expand cloud integration and automation,finished
cs 30,Smart Speaker,An intelligent system that integrates American Sign Language (ASL) detection with machine learning and natural language processing to assist communication for deaf and hard-of-hearing individuals. It provides real-time sign recognition and interactive learning features through mobile and web applications.,AI / NLP / Computer Vision,React; Angular; Flutter; APIs; Machine Learning,Dr. Sherif Moharam,Eng. Abeer Mostafa,2023/2024,Add multilingual support and wearable integration,finished
cs 100,Lung Cancer Classification Using Deep Learning,"A deep learning-based system for detecting and classifying lung cancer using medical CT scan images. The project applies convolutional neural networks (CNNs) with preprocessing, augmentation, and transfer learning techniques to improve accuracy, enable early detection, and support healthcare professionals with reliable diagnostic predictions.",Healthcare / AI / Deep Learning,Python; TensorFlow; CNN; FastAPI; Medical Imaging,Prof. Dr. Mahmoud Gad-Allah,Eng. Rana Bedeir & Eng. Alaa Abouleila,2022/2023,"Increase dataset size and improve model accuracy using multimodal imaging (CT, MRI, PET)",finished
cs ???,Lung Cancer (Breathease),"A mobile-based intelligent healthcare application that uses deep learning and image processing techniques to detect lung cancer, pneumonia, and COVID-19 from CT scan images. The system leverages convolutional neural networks (CNNs) to analyze medical images and provide fast, accurate, and accessible diagnosis, especially for remote and underserved areas.",Healthcare / AI / Mobile,Python; CNN; Image Processing; Flutter; Android Studio,Dr. Abbas Rustom,Eng. Abeer Mostafa,2023/2024,Extend detection to COPD and additional respiratory diseases,finished
cs 1,Anti-Theft Parking (DRMMR),"A smart parking security system that leverages mobile applications, face recognition, and real-time monitoring to prevent car theft and improve parking management. The system enables authorized access control, live tracking, notifications, and efficient parking space utilization through an integrated intelligent platform.",AI / IoT / Mobile Systems,Android; ASP.NET; Face Recognition; IoT Sensors; Arduino; REST API,Prof. Sherif Muharram,Eng. Ahmed Hany,2023/2024,Expand platform to iOS and integrate with rental car systems,finished
cs 18,ARCHINTELL,"An AI-powered architectural design and interior decoration platform that generates personalized 2D and 3D building plans based on user preferences. The system integrates artificial intelligence, machine learning, and interactive visualization to simplify architectural planning, enable real-time customization, and improve user experience for both professionals and homeowners.",AI / Architecture / Web Systems,React.js; Node.js; MongoDB; Python; HTML; CSS; JavaScript; Bootstrap; jQuery,Dr. Mona Samir Lakoush,Eng. Nowraa Hamdi,2023/2024,"Integrate VR environments, multilingual support, and advanced AI-generated structural optimization",finished
cs 42,Car-X,"An advanced automotive diagnostic application that helps car owners identify vehicle problems, dashboard warning indicators, and maintenance needs using intelligent diagnostics and location-based service center recommendations.",Automotive / Mobile Systems,Mobile App; GPS; Diagnostic System; Web Technologies,Prof. Dr. Mahmoud Gadallah,Unknown,2023/2024,Add real-time IoT car monitoring and predictive maintenance,finished
cs ???,Autoimmune Disease Diagnosis App,"A mobile healthcare application that utilizes machine learning to help users identify potential autoimmune diseases through symptom analysis, questionnaires, and intelligent prediction models.",Healthcare / AI / Mobile,Machine Learning; Mobile App; Data Analysis,Unknown,Unknown,2023/2024,Improve diagnosis accuracy and integrate clinical datasets,finished
cs 48,Draw a Network,An AI-powered system that converts uploaded floor plans and images into structured network diagrams using YOLOv8 image analysis and automated diagram generation.,AI / Networking / Computer Vision,YOLOv8; Python; Image Processing; Web Application,Unknown,Unknown,2023/2024,Enhance automated device mapping and chatbot assistance,finished
cs 37,SMARTEATS,"A nutrition management mobile application that helps users track dietary intake, analyze nutrition data, and receive AI-powered meal recommendations and planning assistance.",Healthcare / Nutrition / AI,Android Studio; Firebase; Anaconda; Kotlin; Java; Python,Dr. Lamiaa Hassan,Eng. Doha Gomaa,2023/2024,Integrate fitness tracking and advanced wellness analytics,finished
cs 41,Be Safe,"A healthcare management system designed for individuals with mental disabilities, integrating medical record management, emergency response, QR code generation, and caregiver communication.",Healthcare / Emergency Systems,JavaScript; SQL Server; Web Technologies,Dr. Nora Niazy,Eng. Noha Ayman,2023/2024,Expand emergency monitoring and caregiver coordination,finished
cs 38,Solar Power Management System,"A smart solar energy management platform that improves energy production, storage, and distribution using embedded systems and intelligent monitoring techniques.",Embedded Systems / Renewable Energy,Node.js; MongoDB; Axios; Embedded Systems,Prof. Dr. Mahmoud Gad-Allah,Eng. Alaa Abouleila,2023/2024,Add AI-based energy prediction and smart grid integration,finished
cs ???,Smart Gloves,A wearable smart gloves system that translates sign language gestures into speech and text using sensors and machine learning to support communication for deaf and hard-of-hearing individuals.,Embedded Systems / AI / Accessibility,ATmega32; Flex Sensors; LCD; UART; Machine Learning,Unknown,Unknown,2023/2024,Integrate speech synthesis and multilingual translation,finished
cs 44,TMNY,A digital platform focused on scalable web and mobile application development using modern backend and cloud technologies to support interactive services and efficient data handling.,Software Engineering / Web Systems,Node.js; Android Studio; MongoDB Atlas,Dr. Sherif Moharam,Eng. Nowraa Hamdy,2023/2024,Improve cloud scalability and mobile integration,finished
cs 43,RED SPOTS,A deep learning-based dermatology application for detecting and classifying psoriasis and skin diseases using CNN models and image processing techniques.,Healthcare / AI / Computer Vision,Google Colab; CNN; Deep Learning; Image Processing,Dr. Nora Niazy & Dr. Mahmoud Gad Allah,Eng. Doha Gomaa,2023/2024,Integrate EHR systems and extend diagnosis to more skin diseases,finished
cs 36,Skillify,"An educational web platform designed to improve online learning experiences through interactive digital courses, AI-powered tools, and accessible educational resources.",Education Technology / AI,NLP; APIs; TensorFlow; Jupyter Notebook,Dr. Ahmed Ibrahim,Eng. Menna Ramadan,2023/2024,Add adaptive learning and personalized recommendations,finished
cs 49,Motion Tracking Physical Therapy,"A motion tracking rehabilitation system designed to improve the effectiveness of physical therapy sessions through real-time movement analysis, advanced sensors, and intelligent feedback for therapists and patients.",Healthcare / AI / Motion Tracking,Unity; Blender; Visual Studio Code; Kinect V2 SDK; AWS; Audacity; Figma; GIMP,Dr. Mohamed Awad,Eng. Amina Yahia,2023/2024,Integrate VR therapy and adaptive AI-based rehabilitation programs,finished
cs 50,MicroStore Solution,"A scalable e-commerce platform built using microservices architecture to manage products, orders, shipping, payments, and authentication through distributed services and modern cloud technologies.",E-Commerce / Microservices / Cloud,ASP.NET Core; SQL Server; Redis; Docker; RabbitMQ; Azure Service Bus; Elasticsearch; jQuery; Visual Studio,Dr. Mohamed Awad,Eng. Amina Yehia,2023/2024,"Implement gRPC, BFF pattern, recommendation systems, and additional payment integrations",finished
cs 22,Points Attack,"A comprehensive network infrastructure project that designs and implements a secure, scalable, and efficient network for multi-branch international companies. Uses dynamic routing, VLANs, firewalls, IDS, and VPNs to ensure high availability and protection against cyberattacks. Simulated and tested with real devices.",Computer Networks / Cybersecurity,Cisco Packet Tracer; GNS3; VMware; Sophos Firewall; Putty; Secure CRT; Access Point,Dr. Sheiref Maharam,Eng. Noha Ayman,2023-2024,"Integrate AI-based threat detection, SDN controllers, mobile app for camera monitoring, cloud-based hybrid network management, automated penetration testing, IoT device security, full physical deployment",finished
cs 23,Emergency Assist,A mobile and web-based emergency response system that allows users to submit emergency requests with location details and includes chatbot medical guidance and hospital bed availability.,Mobile & Web Development / Health Informatics,Flutter; Android Studio; HTML; CSS; JavaScript; Bootstrap; PHP; MySQL; VS Code,Dr. Mohammed Awad,Eng. Mariam Medhat,2023-2024,"Add GPS tracking, AI triage, voice/video calling, multilingual support, wearable integration",finished
cs 24,Cheating detection in Examination hall,An automated cheating detection system using computer vision and machine learning to identify suspicious behaviors during exams and generate real-time alerts.,AI / Computer Vision / Education Technology,YOLO v8; Python; Laravel; MySQL; Jupyter Notebook; Google Colab,Dr. Mona Samir,Eng. Rawan Elsayed,2023-2024,Add fingerprint attendance and smartwatch detection,finished
cs 25,Doctor Pal (D & P),"A healthcare application with AI-powered pre-diagnosis, medical history tracking, NFC export, and intelligent medical chatbot support.",AI / Health Informatics,Flutter; FastAPI; TensorFlow; SQL Server; OpenCV; ESP32,Prof. Dr. Mahmoud Gadalla,Eng. Mina Gerges,2023-2024,Integrate telemedicine and proactive appointment scheduling,finished
cs 26,Mafqoud,A platform for locating missing individuals using AI-powered matching and communication tools between users.,AI / Social Good,Flutter; Firebase; ReactJS; Laravel; MySQL,Dr. Sherif Moharam,Eng. Nowraa Hamdy,2023-2024,Use GPS-enabled wearable devices for autonomous tracking,finished
cs 27,Learning Management System (LMS),"A comprehensive LMS platform with AI-generated quizzes, grading support, dashboards, virtual classrooms, and communication tools.",AI / Education Technology,Laravel; Flutter; TensorFlow; OpenCV; MySQL,Dr. Sherief Moharam,Eng. Mina Gerges,2023-2024,"Improve analytics, security, and AI-powered learning paths",finished
cs 28,Logistics System,"A shipment transportation platform with truck selection, shipment customization, and route cost calculation.",Logistics / Mobile & Web Development,Flutter; ASP.NET Web API; MySQL; Visual Studio,Dr. Mona Samir,Eng. Mariam Emad,2023-2024,Add multilingual support and AI chatbot,finished
cs ???,Hunter Kit,"A penetration testing automation framework that streamlines reconnaissance, scanning, exploitation, and report generation.",Cybersecurity / Penetration Testing,Node.js; Electron.js; React; Tailwind CSS,Dr. Shref Moharam,Eng. Nowraa Hamdy,2023-2024,Integrate real-time threat intelligence feeds,finished
cs 29,Unheard Voices,An assistive communication platform for deaf and hard-of-hearing communities using sign language recognition and speech translation.,AI / Assistive Technology,Flutter; Python; Deep Learning; APIs,Dr. Nora Niazy,Eng. Ahmed Fouad,2023-2024,Expand multilingual sign language support,finished
cs 67,VocaLens,An AI-powered system designed to assist individuals with hearing and speech impairments by converting spoken language into real-time readable text on smart glasses.,"AI,Embedded","AI,Embedded,Mobile",Lamiaa Hassan,Ahmed Hany,2024/2025,Not specified,finished
cs 72,Automated ticket for metro transportation,"A smart metro system that automates the ticketing and entry process using QR codes via a mobile app, with AI used to analyze passenger flow.","IoT,Mobile","Flutter,Firebase,Embedded,AI",Mohamed Awad,A'laa Abouelela,2024/2025,"Advanced computer vision, an administrative dashboard, and a voice assistant for passengers.",finished
cs 73,Cheonic Diseases Managing Assistant,"A digital health platform to help patients manage chronic diseases through personalized tracking, automated health reports, and intelligent assistance via chatbots.",AI,"Web,Mobile,AI,.NET,HTML,CSS,JavaScript",Sherif Moharam,Ahmed Hany,2024/2025,"Integration with wearables, multilingual support, telemedicine, advanced data analytics.",finished
cs 66,IT Project,"The design and security of a network infrastructure for two companies using firewalls, VPNs, and Active Directory.","Cyber,Cloud","Network,Security",Sherif Moharam,Noha Ayman,2024/2025,"Centralized monitoring tools, advanced endpoint protection, AI-based threat detection.",finished
cs 69,DermaBrain Tumor Markers,A dual AI system for detecting brain tumors and skin cancer with high accuracy via a web and mobile platform.,AI,"Python,TensorFlow,Keras,Flask,React,Flutter,OpenCV",Mohamed Awad,Nagwa Galal,2024/2025,"Real-time image analysis, multi-disease detection, medical expert feedback loop.",finished
cs 70,Deriskify,A centralized platform that uses real-time data to provide risk alerts and guidance to the public and response teams during emergencies.,AI,"Backend,API,Database,Web,Mobile",Mohamed Awad,Rawan El Sayed,2024/2025,"Smart vehicle integration, AI-powered threat analysis, community-based reporting.",finished
cs 89,I'm Here,A system for continuous vital sign monitoring and medication reminders. It aims for the early detection of serious health conditions like arrhythmia or brain tumors.,"IoT,AI","Flutter,NodeJS,Firebase,MongoDB,Python,CSharp,ESP8266",Abbass Rostam,Ahmed Sany,2024/2025,"Smart alerts, wearable device integration, and linking with emergency services.",finished
cs 90,Insomnia Eraser,"An app that helps people with insomnia by providing therapeutic programs, lifestyle advice, and communication tools to connect with doctors. It also includes a library of books and relaxation tools.","Mobile,AI","Mobile,Android,Firebase",Mohamed Awad Ouda,Amina Yehia Saad,2024/2025,"Integrate Virtual Reality (VR) therapy, expand research studies, and improve AI capabilities.",finished
cs 48,Automatic Waste Sorting Machine,An automatic machine that uses sensors and actuators to autonomously sort waste. It provides a cost-effective and scalable solution to the problem of inefficient manual waste sorting.,Embedded,"Embedded,Flutter,Firebase",Noura Nyazy,Alaa AbouElelaa,2024/2025,"AI integration, cloud sync for data, mobile app enhancements, and expanded material detection.",finished
cs 49,Event Planner,A platform that simplifies event planning by helping users find and book service providers. It uses an AI model to predict venue prices based on user inputs.,"Mobile,AI","Flutter,Firebase,GoogleMaps,AI",Mohamed Awad,Amira Sayed,2024/2025,"Vendor portal integration, expanded AI capabilities, an admin dashboard, and a web version.",finished
cs 61,Retina Guard,"The project aims to assist physicians with the early detection of retinal diseases such as CNV, DME, and Drusen. The application uses an AI model to accurately analyze retinal images, providing an efficient and user-friendly tool to aid in diagnosis.","AI,Mobile","AI,Mobile,.NET,SQL",Lamiaa Hassan,Hadeel Alaa Eldein,2024/2025,"Expand the range of diseases the system can diagnose, develop the system for direct use in clinics, and create physical devices to work with the application.",finished
cs 62,Lteru,"Iteru is a graduation project for a mobile app that acts as a smart, self-guided digital tour guide. It uses AI technologies like a chatbot and image recognition to help tourists and Egyptians explore Egypt's historical and cultural sites, providing a more personalized and interactive experience than traditional tourism","Mobile,AI","Flutter,NodeJS,MongoDB,Python,AI,API",Lamia Hassan,Ahmed Hany,2024/2025,"The documents don't explicitly list future work. However, the project is designed to be scalable, allowing for future expansions such as a larger database and more AI-driven features.",finished
cs 63,Allemny,"Allenny is an educational web platform that uses AI to help children learn letters and numbers through hand gestures, providing immediate feedback.","AI,Web","Web,MySQL,AI",Shirel Monarm,Hadeer Aina,2024/2025,"Develop a mobile app (iOS and Android), add gamification features, and support multiple languages, including Arabic",finished
cs 64,Lung Cancer Classification,"The project is an AI-powered mobile application designed for the preliminary diagnosis of lung cancer. It aims to make early detection more accessible by analyzing medical images like cell slices or CT scans, helping to reduce diagnosis delays and the need for specialized equipment","Mobile,AI","Flutter,NodeJS,MongoDB,Python,AI",Nora Nazy,Noha Ali,2024/2025,"Future plans include adding support for 3D CT/MRI scans, developing a feature to track a patient's progress over time, and creating a dedicated portal for doctors to manage and review patient cases.",finished
cs 57,Retrieval-Augmented Generation (RAG) System,"The project aims to overcome the limitations of traditional AI models, such as knowledge staleness and hallucinations, by grounding AI responses in external, up-to-date knowledge sources.",AI,"AI,DataProcessing,API",Mohamed Abd Al-Fata,Dalia Sameh,2024/2025,"The documents suggest future enhancements in areas like optimizing computational efficiency, improving semantic understanding, and ensuring seamless integration into existing workflows.",finished
cs 60,SMART STEER,"the project aims to build a miniature self-driving car prototype. The car uses AI to recognize lanes and avoid obstacles, and it connects to a cloud server and a mobile app to send emergency alerts and monitor vehicle status.","AI,Embedded,Cloud","Embedded,Java,MySQL",Lamiaa Hassan,Ahmed Hany,2024/2025,"The plan is to improve the AI's accuracy, add more advanced sensors like LiDAR, and expand the app's features.",finished
cs 1,LoadFit,Smart furniture transport platform with AI-powered 3D visualization,"Fullstack,AI","Flutter,.NET,SQL,AI",Sherif Moharam,Tarek Mohamed,2024/2025,"Real-time GPS, AI item recognition, cloud hosting, push notifications",finished
cs 2,Pets care,Unified platform connecting pet owners with vets and vendors,"Fullstack,AI","PHP,MySQL,Flutter,Python,AI,IoT",Mona Lakosha,Ahmed Hany,2024/2025,"Payment gateway, appointment scheduling, rating system",finished
cs 51,RubiK Home,Smart customizable 3D home design system,Fullstack,"3D,AR",Lamiaa Hassan,Nowraa Hamdy,2024-2025,"Modular expansion, IoT integration, AI design assistance",finished
cs 52,AirAware,AI-environmental monitoring using satellite data,AI,"Python,TensorFlow,Flutter,Laravel",Nora Niazy,,2024-2025,(Not specified),finished
cs 112,ScanXpert,AI-powered medical diagnostics from CT scans,AI,AI,Ahmed Ibrahim,Israa Ibrahim,2024/2025,"More diseases, patient history, cloud sharing",finished
cs ???,EOS,Centralized food ordering and loyalty platform,Web,"Laravel,MySQL",Ahmed Ibrahim,Nagwa Galal,2025/2026,"Mobile app, geolocation, payment integration",finished
cs ???,Smart Job,E-recruitment platform connecting employers and seekers,Web,"Angular,Java,MySQL",Ahmed Ebrahim,Abeer Mostafa,2024/2025,(Not specified),finished
cs 109,Smart Glasses,Smart glasses for blind people with object detection,"Embedded,AI","Embedded,AI",Abbas rustom,Mahmoud magdy,2024/2025,"Advanced AI models, better TTS, voice commands",finished
cs 108,Engineering workplace safety,AI system monitoring PPE compliance in workplaces,"AI,Web","AI,Laravel,React,MySQL",Mohammed Abd El-Fatah,Rawan Elsayed,2024/2025,"More PPE detection, facial recognition, mobile app",finished
cs 107,SPARK,Smart pet monitoring with health tracking and alerts,IoT,"IoT,Laravel,Flutter,AI",Mohamed Abdel-Fattah,Ahmed Fathy,2024/2025,"Advanced sensors, geofencing, vet communication",finished
cs ???,Cloudify,Intelligent cloud storage platform with smart organization,"Mobile,Cloud","Flutter,NodeJS",Mona,Noha Ayman,2024/2025,"Payment system, AI features, desktop client",finished
cs 104,New Smart Villa,Comprehensive smart home system with automation,IoT,"IoT,Flutter,NodeJS",Nora Niazy,Esraa Ibrahim,2024/2025,"Enhanced sensors, offline mode, multi-unit support",finished
cs 114,Real Estate Website,Digital platform for real estate marketing and listings,Web,"React,Web",Sherif Moharram,Noha Ali,2024-2025,"User accounts, map integration, mobile app",finished
cs 55,Road Eye,Automated toll gate system with license plate recognition,AI,".NET,React,Mobile,AI",Sherif Moharram,Mai Mohamed,2024/2025,(Not specified),finished
cs 76,BoneX,"An orthopedic-focused application with AI-powered X-ray analysis for fracture detection, appointment booking system, and doctor dashboard.","AI,Fullstack","Python,AI,OpenCV,ML",Lamiaa Abdelnaby,Mariam Medhat,2024/2025,1. Healthcare partnerships for datasets and regulatory support 2. Academic research initiatives 3. Telemedicine enhancements 4. Wearable technology integration 5. Advanced analytics,finished
cs 93,Secure Vault for webapp,"A self-hosted, zero-knowledge password manager with client-side encryption, breach detection, and multi-vault architecture.","Cyber,Fullstack","PHP,MySQL,NextJS,Docker,Security",Mohamed Abd El-Fattah,Noha Ayman,2024/2025,1. WebAuthn/FIDO2 login 2. Native Mobile Apps 3. Browser Extensions 4. Post-Quantum Cryptography 5. Enterprise Console,finished
cs 94,Smart Green House,Intelligent greenhouse automation system using IoT sensors and AI to optimize plant growth.,"IoT,Embedded,AI,Cloud","IoT,Embedded,Cloud,DevOps",Nora Niazy,Esraa Ibrahim,2024/2025,1. Advanced AI Integration 2. Edge Computing 3. Multi-Greenhouse Support 4. Weather Forecast Integration 5. Dedicated Mobile App,finished
cs 96,Clear Sight,Smart glasses system for visually impaired providing real-time object and face recognition with audio feedback.,"AI,Embedded,Mobile,Cyber","AI,Embedded,Mobile,Security,Cloud",Nora Niazy,Ahmed Hany,2024/2025,1. Real-time object detection 2. GPS navigation 3. Multi-language support 4. Remote caregiver support 5. Cloud synchronization,finished
cs 97,With U (WithYou),"Digital healthcare companion for Virus C patients with OCR for test results, AI medical reports, and hospital locator.","Mobile,Web,AI","AI,OCR,Flutter,JavaScript",Mona Lackousha,Dalia Sameh,2024/2025,1. Expand to more diseases 2. Connected hospital network 3. Payment integration 4. In-app wallet 5. Advertising system,finished
cs 99,Emo Glasses,AI-powered smart glasses for blind users to perceive facial expressions in real-time.,"Embedded,AI,Mobile,Fullstack","Embedded,NodeJS,MongoDB,AI,Flask,Flutter",Ahmed Ibrahim,"Esraa Ibrahim, Mahmoud Magdy",2024/2025,1. Compact design 2. Better camera 3. Expanded emotion classes 4. Multi-language support 5. Cloud deployment,finished
cs 100,BTD-MRIS,AI web application for brain tumor detection and classification from MRI scans.,"AI,Web","Python,AI,.NET,PostgreSQL,FastAPI,Angular",Mohamed Abdelfatah,Nagwa Jalal Ali,2024/2025,1. 3D CNNs/ViTs 2. Multi-modal MRI analysis 3. Tumor segmentation 4. NLP integration 5. Clinical validation,finished
cs 102,EduTrack,Digital attendance system using QR codes with real-time monitoring and AI chatbot.,"Mobile,Web,AI","Flutter,.NET,MySQL,Python,API",Mohamed Awad,,2024/2025,1. Facial recognition 2. Notification system 3. Analytics dashboards 4. Multi-language support 5. LMS integration,finished
cs 50,Smart E-commerce,Full-stack AI-enhanced e-commerce platform with synchronized web/mobile apps.,"Fullstack,Mobile,AI",".NET,SQL,Angular,Flutter,AI",Ahmed Ibrahim,Mohamed Hassen,2024/2025,1. Microservices Architecture 2. Real-Time Data Sync 3. Multi-Currency Support 4. Sentiment Analysis 5. Voice Search,finished
cs 20,Eczema Skin Disease,Mobile app for eczema severity evaluation through image analysis.,"AI,Mobile","Python,Flutter,Firebase",Nora Niazi,Alaa Abouelela,2024/2025,1. Data Augmentation 2. Model Optimization 3. Real-Time Deployment 4. Clinical Validation 5. EHR Integration,finished
cs 3,How To Learn,"Modern learning app with online courses, smart chatbot assistant, and placement tests.","Mobile,AI","Flutter,Firebase,AI",Sherif Moharram,Aminah Yehia,2024/2025,1. Dynamic Placement Test 2. Progress Tracking 3. Multi-language Support 4. Course Ratings 5. Payment Integration,finished
cs 21,DetectaVio,AI-based system detecting violent behavior in real-time through surveillance cameras.,AI,"AI,OpenCV,PHP,MySQL",Sherif Moharm,Dalia Sameh,2024/2025,1. Audio-based detection 2. Crowd behavior analysis 3. Facial recognition 4. Cloud dashboard 5. Enhanced threat detection,finished
cs 22,Cancer Shield AI,Mobile AI app for early cancer detection (colon and skin) with medical connections.,"AI,Mobile","Flutter,.NET,Python,AI",Mohamed Awad,Ahmed Hany,2024/2025,1. Expand cancer types 2. Appointment booking 3. Doctor portal 4. EHR integration 5. Educational resources,finished
cs 23,Smart Plant,AI-powered mobile app for plant disease and pest detection with chatbot.,"AI,Mobile","Flutter,NodeJS,Python,AI",Nora Niazi,Esraa Ibrahim,2024/2025,1. Enriching Dataset 2. Hyperparameter Tuning 3. Alternative Models 4. Web Service Deployment,finished
cs 25,Class Pick Register Material,Web-based course registration system with secure authentication.,Web,"Django,Python,Web",Mohamed Awad,Amira Bisayed,2024-2025,1. Role Management 2. Mobile App 3. Database Upgrade 4. Enhanced UI/UX 5. Admin Analytics,finished
cs 38,TheraPulse,Smart home fitness & physical therapy app with real-time movement analysis.,"AI,Mobile","Flutter,AI,Firebase,FastAPI",Lamia Hassan,Noha Ayman,2024-2025,1. Exercise Library Expansion 2. User-therapist communication 3. Custom programs 4. Model accuracy improvement 5. Gamification,finished
cs 39,Travel Assistant,"Travel assistant app for Egypt with navigation, AI chatbot, and recommendations.",Mobile,"Flutter,NodeJS,MongoDB,Web",Mohamed Awad,Mai Mohamed,2024/2025,1. Pricing and payment 2. Wallet system 3. Advertising system,finished
cs 40,JobMatch,AI-powered job matching platform with resume generation and skill assessments.,"AI,Web","NextJS,NodeJS,Flutter,Python,AI",Mona Lakosha,Mariam Medhat,2024-2025,1. Enhanced AI features 2. Mobile app development 3. Employer tools 4. Analytics dashboard,finished
cs 42,Handmade & Craft E-commerce,B2C platform connecting local artisans with customers for handcrafted items.,"Fullstack,Mobile,AI","React,NodeJS,MongoDB,Flutter,AI",Mohamed Awad,Esraa Ibrahim,2024/2025,1. iOS release 2. In-app wallet 3. Seller tools 4. Delivery logistics 5. Multilingual Support,finished
cs 43,Diabetic Retinopathy Dietician,Mobile solution for early diabetic retinopathy detection using AI image analysis.,"AI,Mobile","Mobile,AI",Mona Laqosha,Mariam Medhat,2024/2025,1. Chat history 2. AI doctor suggestions 3. Admin features 4. Cross-Platform Support 5. Explainable AI,finished
cs 44,LaWizard Legal Services,AI-enhanced legal services platform connecting civilians with lawyers.,"AI,Mobile","ReactNative,FastAPI,Docker",Sherif Muharram,Alaa Abouelela,2024-2025,1. Real-time capabilities 2. Advanced AI features 3. Payment gateway 4. Notification system 5. Video conferencing,finished
cs 91,Nägel (Nail Disease Detection),Mobile app using AI to detect nail diseases from images and recommend specialists.,"AI,Web","Flutter,Python,Laravel,AI",Lamiaa Hassan,Mariam Medhat,2024/2025,1. Expand dataset 2. Improve accuracy 3. Enhance UX 4. Unified model 5. Clinical validation,finished
cs 92,Brainalytica (Stroke Detection & Care),"Comprehensive AI system for stroke detection, risk assessment, and patient care.","AI,Mobile","Python,Flutter,AI",Lamiaa Hassaan,Nowraa Hamdy,2024-2025,1. Real-Time Diagnosis 2. Cloud Integration 3. Wearable Integration 4. Remote Monitoring 5. Emergency Tracking,finished
cs 93,Cheat Detect (Online Exam Proctoring),AI-powered online exam proctoring system detecting cheating behaviors in real-time.,"Web,AI","Web,Laravel,AI",Mona Samir Laqusha,Nowra Hamdy,2024-2025,1. Enhanced AI models 2. Emotion recognition 3. Voice tone analysis 4. Diverse assessment formats 5. Data privacy,finished
cs 94,Snap & Shape (Food Recognition & Fitness),AI-powered app for food recognition and nutritional analysis with fitness recommendations.,"Embedded,AI,Mobile","Flutter,.NET,SQL,Python",Mona Lackousha,Nowraa Hamdy,2024/2025,1. Recognition accuracy 2. Portion estimation 3. Health device integration 4. Expanded food database 5. Real-time updates,finished
cs 95,Diagnosis of Psoriasis,"Web application for diagnosing Psoriasis, focusing on information and natural treatment methods.","AI,Fullstack,Mobile","Web,PHP,Laravel,MySQL",Mona Lackousha,Nowraa Hamdy,2024/2025,1. App Store publication 2. Wearable integration 3. Multilingual support 4. Telemedicine integration 5. Overcome metadata scarcity,finished
cs 96,Smart Speaking Glove,A wearable smart glove that translates Arabic sign language gestures into real-time Arabic text and speech output. Paired with a mobile app for learning gestures and an AI-powered chat feature. Aims to overcome communication barriers for deaf and mute individuals in Arabic-speaking communities.,"Web,Mobile","Embedded,Hardware,AI,Mobile",Lamiaa Hassan,Alaa Abo El-ela,2024/2025,1. Improved Gesture Recognition using deep learning  2. Multi-Language Support for other sign languages 3. Advanced Feedback Integration (haptic/audio prompts) 4. Long-Term User Testing for usability refinemen,finished
cs 97,ArabTutor AI,"An AI-powered educational platform that automatically translates, dubs, and summarizes English educational videos into Arabic. Addresses the language barrier for Arabic-speaking learners by providing accessible, high-quality educational content from global platforms like Coursera and Udemy.",AI,"AI,Backend,Frontend,Mobile",Mohamed Abdelfatah,Nowraa Hamdy,2024/2025,"1. Domain-specific translation models 2. Multi-speaker TTS and voice cloning 3. Abstractive summarization refinement 4. Support for other languages 5. Interactive learning features (quizzes, forums) 6. Personalized learning paths 7. Real-time processing for live streams 8. Advanced search and community features",finished
cs 98,Smart Pharmacy,"Digital platform connecting users with nearby pharmacies through mobile app and website. Features include geolocation-based pharmacy search, real-time medication availability, price comparison, prescription management, and order tracking.",AI,Web,Mohamed Awad,Hajar Abdelhamid,2024/2025,1. Payment Gateway Integration 2. Advanced Pharmacy Inventory Management 3. Online Pharmaceutical Consultation 4. Personalized User Experience 5. EHR Integration 6. Expanded OCR Scope 7. Rating and Review System 8. Multi-language Support 9. Advanced Analytics,finished
cs 37,Graduate Guide,"A web platform using AI to streamline academic research review, offering tools for summarizing, grammar check, and plagiarism detection.",Mobile,"Django,PostgreSQL,React",Abbas Rostom,Ahmed Hany,2024/2025,"Advanced LLMs, Multilingual support, Collaboration tools.",finished
cs 36,DERBY,A football platform providing real-time data and using AI predictive analytics to estimate players' future ratings.,AI,"Flutter,PHP,MySQL,Python",Mohamed Awad,,Spring 2025,"Expand AI to injury risk/transfer value, Improve admin dashboard, Enhance security.",finished
cs 35,Leg Deformities,A mobile app using AI analysis for the early detection of genu varum (bow-leggedness) in children to prevent long-term complications.,AI,"Flutter,Firebase,Python",Mohamed AbdElfatah,Ahmed Hary,2022-2026,"Expand dataset/improve AI, Personalized treatment, Clinical validation.",finished
cs 34,Vision Patrol,"A real-time traffic surveillance system powered by computer vision and deep learning to detect violations, accidents, and trigger emergency alerts.",AI,"Django,Python,AI",Nora Ntazy,Alaa Aboutola,2024/2025,"Predictive analytics, AI-driven prioritization, Public dashboard, Deployment with authorities.",finished
cs 33,Face Tracker,"A smart system using AI facial recognition from IP cameras for automated, real-time attendance and location tracking accessible via a mobile app.",AI,"Python,AI,Mobile",Ahmed Ibrahim,Ahmed Fouad,2024/2025,"Payroll integration, Real-time camera feed monitoring dashboard.",finished
cs 32,DARKOPS (SAPS),"An AI-powered cybersecurity platform detecting phishing, malicious APKs, suspicious URLs, and QR codes using machine learning models.",AI,"NextJS,PostgreSQL,AI,Cloud",Sheafi Moharram,Nawraa Hamdy,2024-2025,"Additional detection modules, Deep learning models, Enhanced threat intelligence.",finished
cs 31,Smart Event,"A mobile/web platform using AI for event management, featuring facial recognition for attendance and emotion detection for organizer reports.",AI,"React,PHP,Laravel,Flutter,Embedded",Mona Samir,Ahmed Hany,2024/2025,"Emotion tracking over time, Enhanced anti-spoofing security, Scalability for large events.",finished
cs 30,Clarity RX (Charity RX),"Wearable smart glasses for the visually impaired, providing real-time obstacle detection and spatial awareness via ultrasonic sensors and audio feedback.",AI,"Embedded,Flutter",Mona Lakosha,Ahmed Hany,2024/2025,"Integrating GPS/voice navigation, Personal safety features, Cloud backup.",finished
cs 29,Women's Health Care,"An integrated AI system for women's healthcare, covering early cancer detection and emotional support via a generative AI chatbot.",AI,"Python,AI,Mobile",Mohammed Akderiatan,Abeer Mostafa,2024-2025,"Integrating pre-trained NLP, Sentiment analysis, Multilingual support, Links to certified professionals.",finished
cs 28,Smart Farm with IOT,A smart farming system using IoT sensor networks and AI to monitor environmental conditions in real-time for optimal lettuce cultivation.,AI,"IoT,Embedded,Mobile",Mohamed Abdelfatah,Ahmed Hany,2024/2025,"Supporting multiple crop types, Automated irrigation, Advanced AI capabilities (deep learning).",finished
cs 26,Deepfake Detection System,A mobile system that uses AI and image analysis techniques to easily and accurately identify fake videos/deepfakes.,AI,"Flutter,Java,Python,AI",Nora Niazi,Ahmed Hany,2025/2026,"Real-time detection optimization, Dataset diversity, Model optimization for mobile deployment.",finished
cs 13,NeuroVista,"A GAN-driven AI system for multi-modality MRI synthesis, brain tumor segmentation, and interactive 3D visualization.",AI,"React,FastAPI,AI",Mahmoud Gadallah,Nowraa Hamdy,2024-2025,"Integration with PACS, Support for more pathologies, Federated Learning, Explainable AI (XAI).",finished
cs 12,Yalla Bina,"An interactive educational mobile platform creating a competitive learning experience with real-time exams, rankings, and peer chat.",AI,"Flutter,NodeJS,MongoDB",Sherif Moharam,Mohammed Hassan,2024/2025,"In-App purchases/rewards, Advanced performance analytics, AI-Powered Study Assistant.",finished
cs 11,Dream Home,"A web and mobile platform connecting customers with verified technical workers for efficient hiring, booking, and real-time communication.",AI,"Angular,Flutter,NodeJS,Firebase,Docker",Abbass Rostom,Hadeel Aladdin,2024/2025,"AI-Based recommendations, Real-Time Chat, Payment Gateway, IoT Integration.",finished
cs 10,GestIA,An innovative Human-Computer Interaction system using AI and ultrasonic sensors for hands-free device control via intuitive hand gestures.,AI,"Python,Embedded,Flutter,React",Mona Lakousha,Ahmed Hany,2024/2025,"Enhanced AI Model Accuracy, Expansion of Gesture Library, Integration with smart home/public devices.",finished
cs 9,Layer 2 Attacks,"A project analyzing, implementing, and defending against Layer 2 network attacks in a simulated banking environment using specialized tools.",AI,"Network,Security",Sherif Moharam,Noha Ayman,2024-2025,"AI-Powered Threat Detection, Suricata Rule Integration, Full SOC Simulation.",finished
cs 8,Sugar Rush,"An intelligent, AI-driven system for the early diagnosis and management of diabetes, providing personalized lifestyle recommendations.",AI,"React,PHP,Laravel,Mobile",Lamiaa Hassaan,Nouran Hamdy,2024-2025,"Integration with Wearable Devices, Multilingual Support, Telemedicine Integration.",finished
cs 4,Nafsi AI,"An integrated AI-driven mental wellness platform combining an empathetic AI therapist with ""infinite memory,"" journaling, and progress tracking.",AI,"NextJS,Flutter,AI",Ahmed Ibrahim,Marian Emad,2024-2025,"Multimodal capabilities (voice, facial), Group support, Professional integration tools.",finished
cs 7,Soccer IQ,"An intelligent system using machine learning for football scouting and player evaluation, predicting advanced metrics like Expected Goals (xG) and Expected Assists (xA).",AI,"Angular,Flutter,AI",Mohamed Aksisilhah,Alaa Abouelela,2024/2025,"Real-time match data API integration, Expanding AI model (defensive metrics), Recommendation engine.",finished
 cs 90,My Cart,"A revolutionary smart shopping cart system that enhances the supermarket customer experience. Integrates barcode scanning, YOLO-based object recognition, weight sensors, and Bluetooth connectivity with a Flutter app. Customers scan QR code to connect, scan products to add to cart, weight sensor verifies addition, camera detects products for verification. Enables in-app payment, reducing checkout waiting times and minimizing errors.",IoT / AI / Mobile Development / Embedded Systems,"Visual Studio Code, Android Studio, Arduino IDE, PyCharm, Flutter (Dart), PHP, MySQL, XAMPP; Hardware: Arduino Uno, USB Host Shield, Barcode Scanner, ESP32 Camera Module, Weight Sensor (HX711), Bluetooth Module HC-05",Dr. Lamiaa Hassan,Eng. Alaa Abouelala,2023-2024,Transition from Bluetooth to Wi-Fi; upgrade barcode scanners for low-light performance; enhance weight sensor sensitivity; upgrade AI model to YOLOv10; add facial recognition for personalized offers; expand user features; comprehensive real-world testing,finished
 cs 4,Smart Cart,"A smart shopping cart system that automatically calculates item prices and provides a hassle-free checkout experience. Equipped with MG65 barcode scanner, ultrasonic sensor, weight sensor (HX711), and gesture recognition sensor (PAJ7620). Connected to a Flutter mobile app that displays item details, prices, and total cost. Each customer has an account with purchase history. Aims to reduce checkout waiting times and eliminate pricing errors.",IoT / Mobile Development / Embedded Systems,"Flutter (Dart), Firebase (Firestore, Realtime Database); Hardware: ESP32 MCU, MG65 Barcode Scanner, HC-SR04 Ultrasonic Sensor, HX711 Weight Sensor (20kg), PAJ7620 Gesture Recognition Sensor; Mobile: Android/iOS with API level 21+",Dr. Lamiaa Hassan,Eng. Ahmed Hany,2022-2023,"Enhanced item recognition for damaged/unreadable barcodes; incorporate machine learning for personalized recommendations and promotions; integrate with loyalty programs for rewards, points redemption, and personalized offers based on shopping behavior",finished
 cs 11,Smart Tour,"An AI-powered virtual tour guide mobile application for tourists in Egypt. Uses AI-driven image recognition to identify attractions from photos and provide detailed information (historical context, opening hours, fees, nearby amenities). Features sophisticated chatbot for inquiries about visas, customs, traditions, transportation. Offers customized travel plans based on selected city and duration. Includes grouping feature for socially inclined travelers, plus information on hotels and restaurants.",AI / Tourism Technology / Mobile Development,"Flutter (Dart), Android Studio, VS Code, MongoDB, Firebase/AWS DynamoDB, Node.js, TensorFlow, Keras, Google Maps API, external travel APIs; Languages: Python, Dart, JavaScript",Dr. Sherif Muharram,Eng. Nowraa Hamdy,2023-2024,Expand dataset for broader attraction coverage; improve AI models for wider range of queries; integrate real-time messaging platforms; incorporate more localized features; add multilingual support,finished
 cs 12,Financial Mobile App,"A comprehensive mobile application providing real-time updates on financial metrics including currency exchange rates, gold/silver prices, cryptocurrency values, and stock prices. Uses web scraping techniques (PHP Laravel with Goutte) to gather data from banks and financial websites. Hosted on Microsoft Windows Server 2016 with IIS, DHCP, DNS, Active Directory, and Group Policy. Features user authentication via Laravel Sanctum. Network design includes multiple VLANs with RSTP, PortFast, Port Security, and BPDU Guard.",Financial Technology / Web Scraping / Network Infrastructure,"PHP Laravel (Goutte package), Laravel Sanctum, Flutter (Dart), Microsoft Windows Server 2016, IIS, FastCGI, DHCP, DNS, Active Directory, Group Policy, Remote Desktop, Apache, MySQL, Cisco (RSTP, VLANs, PortFast, Port Security, BPDU Guard)",Dr. Abbass Rostomme,Eng. Nowraa Hamdy,2023-2024,Enhanced data analytics with predictive modeling; user customization with dashboards and alerts; expanded data sources; security improvements; cross-platform optimization,finished
 cs 13,ComfyView,"A wearable assistive arm/glove for visually impaired individuals to aid in navigating surroundings safely and independently. Equipped with ultrasonic sensors for obstacle detection, LM35 temperature sensor, buzzer for haptic feedback, and ESP32-CAM for image capture. Includes AI models for object detection and face recognition (OpenCV, Dlib). Connected to Flutter mobile app providing audio feedback and answering questions. Backend uses Firebase for real-time data management and storage.",Assistive Technology / IoT / AI / Embedded Systems,"Visual Studio Code, React, Node.js, Firebase (Firestore, Storage), Android Studio, Flutter (Dart), Arduino IDE, Anaconda, OpenCV, NumPy, Scikit-image, Matplotlib, Pillow, Dlib, CUDA Toolkit; Hardware: Arduino Uno, ESP32-CAM, Ultrasonic Sensor, LM35, Buzzer; Languages: Flutter, Dart, Python, C, React, NodeJS",Prof. Dr. Mahmoud GadAllah,Eng. Mennatullah Ramadan,2023-2024,Refine AI algorithms for better object detection/face recognition; explore additional sensors and feedback mechanisms; ongoing user feedback and iterative design; expand compatibility with other assistive devices; address ethical and privacy considerations,finished
 cs 14,Your Guide,"A comprehensive career guidance platform providing customizable templates for roadmaps and CVs. Roadmap templates help businesses and projects define objectives, initiatives, resource allocation, role assignments, timeline setting, and progress tracking. CV templates present personal information, skills, and professional experiences in a professional format. Includes career guidance tool to identify required skills/qualifications, CV evaluation with feedback, and simulation interview feature for practice.",Career Development / Web & Mobile Development / EdTech,"Visual Studio Code, Android Studio, Flutter (Dart), HTML, CSS, JavaScript, Bootstrap, PHP, MySQL, XML, XAMPP",Dr. Mona Lakousha,Eng. Nowraa Hamdy,2023-2024,Expand range of career options for comprehensive selection; refine CV evaluation with advanced algorithms and machine learning for precise evaluations and personalized recommendations; enhance simulation interview module with video interviews or interactive elements for immersive experience,finished
 cs 15,AI Medicare,"A health management application that utilizes advanced AI techniques to deliver personalized health insights and recommendations. Users can input symptoms to receive customized advice on disease prevention and management. Features include body fat, BMI, BMR calculators, and nearby hospital locator. Unique aspect: AI model for symptom analysis and illness prediction is accessible exclusively to doctors, ensuring professional oversight. Bridges gap between patients and healthcare providers.",AI / Health Informatics / Mobile & Web Development,"Android Studio, VS Code, Emulator, Browser, Anaconda; Languages: JavaScript, Node.js, Dart, Flutter, Python; Database: MongoDB; Frontend: HTML, CSS, Bootstrap",Dr. Mona Samir,Eng. Islam Kamal,2023-2024,Enhanced AI models for better accuracy; wearable device integration for continuous health monitoring; expanded database capabilities; user experience improvements; chat between doctor and patient; community and support features,finished
 cs 17,Planto Planto,"An AI-powered plant disease detection and treatment system specifically for wheat crops. Mobile application uses image recognition and YOLO algorithms to analyze plant photos and provide disease diagnosis, treatment, and infection stage. Includes a robot car with ESP32-CAM that drives through fields, providing livestream to mobile app for remote monitoring and control. Soil sensors (moisture, NPK, humidity/temperature, pH) measure soil conditions.",AI / Smart Agriculture / IoT / Embedded Systems,"Android Studio, Emulator, Firebase, Google Colab, Roboflow, PyCharm, Arduino IDE, Fritzing; Languages: Flutter, Dart, Python, Arduino; Hardware: ESP32, ESP32-CAM, Ultrasonic Sensor, DHT22, YL-69, NPK Sensor, pH Sensor, L298N, Servo Motor, DC Motors",Dr. Mahmoud Gad Allah,Eng. Aisa Aboueleia & Eng. Nowraa Hamdi,2023-2024,Create AI model to determine infection stage; enhance cost-effective drone integration for larger field coverage,finished
 cs 18,I'm Here,"A facial recognition-based student attendance tracking system for schools and colleges. Uses ESP32-CAM module with servo motor for camera movement to capture student faces, combined with computer vision and facial recognition algorithms. Mobile application (Flutter) connected to Firebase database records attendance, tracks monthly grades, and provides parent access.",AI / Computer Vision / Education Technology / Embedded Systems,"flutlab.io, Android Studio, Flutter (Dart), Firebase, Arduino IDE; Hardware: ESP32-CAM, FTDI Programmer, Servo Futaba S3003; Embedded: C/C++ (Arduino)",Dr. Mona Lakousha,Not specified,2023-2024,"Advanced analytics for predictive insights; extended integration with other school management systems; enhanced security (biometric authentication for parents); add assignments, quizzes/tests, and teacher material uploads",finished
 cs 19,Mesla7aty,"A comprehensive mobile application connecting customers with specialized craftsmen for home maintenance and renovation services (electrical, plumbing, carpentry, painting). Users browse certified craftsmen based on location and requirements, book appointments, and communicate directly with craftsmen. Service quality ensured through user ratings.",Service Marketplace / Mobile & Web Development / Gig Economy,"Visual Studio Code, HTML, CSS, JavaScript, jQuery, Bootstrap, PHP, Android Studio, Flutter (Dart), APIs, XAMPP, MySQL",Dr. Mona Samir,Eng. Nowraa Hamdy,2023-2024,Allow secure online payments between companies and workers; create direct interactions (community support/group chats); provide applicants with advice on application presentation; dynamic location selection on Google Maps,finished
 cs 20,ENGENZY,"A mobile application designed to streamline intercity travel through public transportation hubs in Egypt. Uses GPS technology to identify nearest stations, verify route availability, and provide real-time vehicle availability information throughout the day. Helps prevent overcrowding and exploitation by providing station capacity information and regulating fare prices. Compatible with Android (6.0+) and iOS (11.0+).",Transportation / Mobile Development / Cloud Computing,"Visual Studio, Flutter (Dart), APIs, GitHub, Microsoft Azure Cloud Platform (Virtual Machine, Load Balancer), Firebase (Firestore, Authentication)",Dr. Mona Samir,Eng. Nowraa Hamdy,2023-2024,"Allow secure online payment between driver and user; voice navigation support for hands-free usage; multiple language support for diverse users; customer service support (chat, email, phone); release iOS version",finished
